{"ear": 32.45418930053711, "shoulder": -44.36906051635742, "hip": 4.689522743225098, "knee": 3.276836395263672}