{"ear": -39.9848747253418, "shoulder": -731.5953369140625, "hip": -54.46125793457031, "knee": -33.08043670654297}